V1,V2,V3
0,571150,202950
1,570650,202450
2,568150,200950
3,568650,200950
4,569150,200950
5,570650,200950
6,571150,200950
7,567650,200450
8,568150,200450
9,571150,200450
10,567650,199950
11,568150,199950
12,568650,199950
13,569650,199950
14,571650,199950
15,572150,199950
16,568650,199450
17,569150,199450
18,571150,199450
19,571650,199450
20,572150,199450
21,566150,198950
22,566650,198950
23,568150,198950
24,571150,198950
25,566150,198450
26,570650,198450
27,542150,197950
28,569150,197950
29,569650,197950
30,565150,197450
31,567150,197450
32,567650,197450
33,569150,197450
34,569650,197450
35,539650,196950
36,563150,196950
37,563650,196950
38,564650,196950
39,565150,196950
40,567150,196950
41,568150,196950
42,568650,196950
43,569150,196950
44,540650,196450
45,541650,196450
46,563150,196450
47,563650,196450
48,567150,196450
49,567650,196450
50,568150,196450
51,568650,196450
52,541150,195950
53,564150,195950
54,567650,195950
55,568150,195950
56,568650,195950
57,573150,195950
58,573650,195950
59,546150,195450
60,564150,195450
61,566150,195450
62,572650,195450
63,573650,195450
64,561150,194950
65,561650,194950
66,562150,194950
67,565650,194950
68,566150,194950
69,570650,194950
70,571650,194950
71,572150,194950
72,572650,194950
73,547150,194450
74,565650,194450
75,573650,194450
76,536150,193950
77,547150,193950
78,561650,193950
79,562150,193950
80,564650,193950
81,565650,193950
82,541650,193450
83,543650,193450
84,544150,193450
85,545650,193450
86,547150,193450
87,559150,193450
88,561650,193450
89,562150,193450
90,564650,193450
91,565150,193450
92,565650,193450
93,570150,193450
94,570650,193450
95,547150,192950
96,559150,192950
97,559650,192950
98,562650,192950
99,563150,192950
100,564650,192950
101,565150,192950
102,566150,192950
103,567650,192950
104,569650,192950
105,570150,192950
106,572150,192950
107,573150,192950
108,545650,192450
109,562650,192450
110,564650,192450
111,565650,192450
112,567150,192450
113,568650,192450
114,569650,192450
115,570150,192450
116,571150,192450
117,571650,192450
118,572150,192450
119,546650,191950
120,547650,191950
121,548150,191950
122,558150,191950
123,558650,191950
124,561150,191950
125,562150,191950
126,563150,191950
127,563650,191950
128,564150,191950
129,569150,191950
130,569650,191950
131,570650,191950
132,571150,191950
133,572650,191950
134,546150,191450
135,557650,191450
136,559150,191450
137,561150,191450
138,561650,191450
139,563650,191450
140,567150,191450
141,567650,191450
142,569150,191450
143,569650,191450
144,570150,191450
145,570650,191450
146,571150,191450
147,557650,190950
148,560650,190950
149,561150,190950
150,562650,190950
151,566650,190950
152,567150,190950
153,567650,190950
154,568150,190950
155,568650,190950
156,541150,190450
157,557650,190450
158,560150,190450
159,567150,190450
160,567650,190450
161,568150,190450
162,537650,189950
163,540150,189950
164,545150,189950
165,557650,189950
166,559650,189950
167,560150,189950
168,568150,189950
169,569150,189950
170,571150,189950
171,536650,189450
172,537150,189450
173,540150,189450
174,544650,189450
175,545150,189450
176,559650,189450
177,562650,189450
178,565150,189450
179,565650,189450
180,566150,189450
181,569150,189450
182,569650,189450
183,570650,189450
184,571150,189450
185,571650,189450
186,537650,188950
187,538150,188950
188,538650,188950
189,539150,188950
190,540150,188950
191,541150,188950
192,542650,188950
193,544150,188950
194,544650,188950
195,545150,188950
196,559650,188950
197,565150,188950
198,565650,188950
199,566150,188950
200,566650,188950
201,569650,188950
202,570150,188950
203,571150,188950
204,571650,188950
205,533150,188450
206,538150,188450
207,542650,188450
208,544150,188450
209,559150,188450
210,559650,188450
211,562650,188450
212,565150,188450
213,568150,188450
214,527150,187950
215,534150,187950
216,536150,187950
217,536650,187950
218,538150,187950
219,541150,187950
220,541650,187950
221,542650,187950
222,559150,187950
223,566150,187950
224,566650,187950
225,569150,187950
226,570150,187950
227,536150,187450
228,537150,187450
229,537650,187450
230,540150,187450
231,541150,187450
232,541650,187450
233,542650,187450
234,560150,187450
235,561650,187450
236,563650,187450
237,566650,187450
238,569650,187450
239,526650,186950
240,530650,186950
241,531150,186950
242,531650,186950
243,532150,186950
244,532650,186950
245,537650,186950
246,540150,186950
247,540650,186950
248,542150,186950
249,542650,186950
250,561150,186950
251,561650,186950
252,563150,186950
253,563650,186950
254,564150,186950
255,564650,186950
256,565150,186950
257,566150,186950
258,566650,186950
259,524650,186450
260,525150,186450
261,525650,186450
262,527150,186450
263,527650,186450
264,528150,186450
265,528650,186450
266,529150,186450
267,529650,186450
268,530650,186450
269,531150,186450
270,532150,186450
271,535650,186450
272,537650,186450
273,538150,186450
274,540650,186450
275,561150,186450
276,561650,186450
277,562150,186450
278,562650,186450
279,563150,186450
280,563650,186450
281,564150,186450
282,566650,186450
283,524650,185950
284,525150,185950
285,525650,185950
286,526150,185950
287,527650,185950
288,528150,185950
289,528650,185950
290,529150,185950
291,529650,185950
292,530650,185950
293,534150,185950
294,538150,185950
295,561150,185950
296,561650,185950
297,562150,185950
298,562650,185950
299,563150,185950
300,564150,185950
301,525150,185450
302,525650,185450
303,528150,185450
304,528650,185450
305,530650,185450
306,533150,185450
307,540650,185450
308,560650,185450
309,561150,185450
310,561650,185450
311,562150,185450
312,562650,185450
313,564650,185450
314,565150,185450
315,566150,185450
316,525650,184950
317,528150,184950
318,532150,184950
319,533650,184950
320,536150,184950
321,537150,184950
322,537650,184950
323,538150,184950
324,539150,184950
325,539650,184950
326,540150,184950
327,558650,184950
328,560150,184950
329,561150,184950
330,561650,184950
331,562150,184950
332,562650,184950
333,563650,184950
334,564650,184950
335,565150,184950
336,565650,184950
337,566150,184950
338,526650,184450
339,531650,184450
340,532150,184450
341,532650,184450
342,534650,184450
343,535150,184450
344,537150,184450
345,537650,184450
346,538650,184450
347,539150,184450
348,539650,184450
349,549150,184450
350,549650,184450
351,561150,184450
352,561650,184450
353,563650,184450
354,532650,183950
355,533150,183950
356,538150,183950
357,538650,183950
358,545650,183950
359,546150,183950
360,560650,183950
361,562150,183950
362,563150,183950
363,564650,183950
364,526150,183450
365,533150,183450
366,536650,183450
367,537150,183450
368,537650,183450
369,538150,183450
370,546150,183450
371,546650,183450
372,547150,183450
373,547650,183450
374,549650,183450
375,558650,183450
376,560150,183450
377,562150,183450
378,562650,183450
379,529650,182950
380,536650,182950
381,537150,182950
382,537650,182950
383,538150,182950
384,546650,182950
385,547150,182950
386,547650,182950
387,548150,182950
388,549650,182950
389,551150,182950
390,559150,182950
391,559650,182950
392,560150,182950
393,562150,182950
394,563650,182950
395,564150,182950
396,564650,182950
397,529650,182450
398,530150,182450
399,530650,182450
400,534650,182450
401,536650,182450
402,537150,182450
403,537650,182450
404,538150,182450
405,538650,182450
406,550150,182450
407,550650,182450
408,551650,182450
409,552150,182450
410,554650,182450
411,559650,182450
412,561650,182450
413,564150,182450
414,531650,181950
415,532150,181950
416,533650,181950
417,534150,181950
418,534650,181950
419,536150,181950
420,537650,181950
421,538150,181950
422,538650,181950
423,539150,181950
424,539650,181950
425,541650,181950
426,547150,181950
427,551650,181950
428,552650,181950
429,553650,181950
430,554150,181950
431,557150,181950
432,560650,181950
433,529150,181450
434,533650,181450
435,536650,181450
436,537150,181450
437,537650,181450
438,538150,181450
439,538650,181450
440,539150,181450
441,539650,181450
442,541150,181450
443,541650,181450
444,543150,181450
445,545150,181450
446,548650,181450
447,553150,181450
448,553650,181450
449,554150,181450
450,557150,181450
451,557650,181450
452,560150,181450
453,535650,180950
454,536150,180950
455,536650,180950
456,537150,180950
457,537650,180950
458,538150,180950
459,538650,180950
460,539150,180950
461,539650,180950
462,540150,180950
463,540650,180950
464,541150,180950
465,545150,180950
466,549150,180950
467,549650,180950
468,555150,180950
469,555650,180950
470,557650,180950
471,558650,180950
472,559150,180950
473,560650,180950
474,562650,180950
475,528650,180450
476,531150,180450
477,536150,180450
478,536650,180450
479,538150,180450
480,538650,180450
481,539150,180450
482,539650,180450
483,540150,180450
484,540650,180450
485,541650,180450
486,543150,180450
487,549650,180450
488,551150,180450
489,555650,180450
490,560150,180450
491,560650,180450
492,562150,180450
493,562650,180450
494,532650,179950
495,533150,179950
496,533650,179950
497,534650,179950
498,535150,179950
499,538650,179950
500,539150,179950
501,539650,179950
502,540150,179950
503,542650,179950
504,548650,179950
505,551150,179950
506,555150,179950
507,560650,179950
508,561650,179950
509,562150,179950
510,562650,179950
511,530650,179450
512,531150,179450
513,532650,179450
514,533150,179450
515,534150,179450
516,537150,179450
517,538150,179450
518,539150,179450
519,539650,179450
520,540150,179450
521,540650,179450
522,547650,179450
523,551150,179450
524,552150,179450
525,552650,179450
526,553650,179450
527,555150,179450
528,557650,179450
529,558150,179450
530,560650,179450
531,562150,179450
532,527650,178950
533,530650,178950
534,538150,178950
535,539150,178950
536,540650,178950
537,541150,178950
538,543150,178950
539,543650,178950
540,547150,178950
541,550150,178950
542,550650,178950
543,551150,178950
544,552150,178950
545,552650,178950
546,557650,178950
547,558150,178950
548,558650,178950
549,561150,178950
550,527150,178450
551,529650,178450
552,530150,178450
553,530650,178450
554,538650,178450
555,543150,178450
556,543650,178450
557,546650,178450
558,557650,178450
559,558650,178450
560,560150,178450
561,561150,178450
562,561650,178450
563,526150,177950
564,528150,177950
565,530150,177950
566,538650,177950
567,539150,177950
568,540150,177950
569,543650,177950
570,545150,177950
571,545650,177950
572,551650,177950
573,553650,177950
574,554150,177950
575,556650,177950
576,560150,177950
577,561650,177950
578,562150,177950
579,524650,177450
580,529650,177450
581,536650,177450
582,537650,177450
583,540150,177450
584,544150,177450
585,544650,177450
586,545650,177450
587,547650,177450
588,551650,177450
589,552150,177450
590,553650,177450
591,556650,177450
592,559650,177450
593,561150,177450
594,561650,177450
595,562150,177450
596,562650,177450
597,521150,176950
598,524650,176950
599,525150,176950
600,535650,176950
601,536150,176950
602,536650,176950
603,539150,176950
604,543150,176950
605,543650,176950
606,544650,176950
607,546650,176950
608,547150,176950
609,556150,176950
610,557650,176950
611,560150,176950
612,521650,176450
613,522650,176450
614,526650,176450
615,528650,176450
616,529150,176450
617,530650,176450
618,531650,176450
619,532150,176450
620,539150,176450
621,541150,176450
622,543650,176450
623,548150,176450
624,548650,176450
625,557150,176450
626,557650,176450
627,560650,176450
628,561150,176450
629,519650,175950
630,521150,175950
631,521650,175950
632,522150,175950
633,522650,175950
634,525150,175950
635,528650,175950
636,529150,175950
637,530150,175950
638,530650,175950
639,531150,175950
640,533650,175950
641,541150,175950
642,546650,175950
643,554650,175950
644,560650,175950
645,519650,175450
646,520650,175450
647,521150,175450
648,529150,175450
649,530150,175450
650,530650,175450
651,531150,175450
652,534150,175450
653,534650,175450
654,535650,175450
655,544650,175450
656,546650,175450
657,550650,175450
658,552650,175450
659,553150,175450
660,556650,175450
661,557150,175450
662,557650,175450
663,519650,174950
664,520150,174950
665,528650,174950
666,529150,174950
667,530650,174950
668,531150,174950
669,531650,174950
670,535650,174950
671,536150,174950
672,539650,174950
673,542150,174950
674,544150,174950
675,549650,174950
676,550650,174950
677,552650,174950
678,554150,174950
679,555150,174950
680,556650,174950
681,558150,174950
682,558650,174950
683,519150,174450
684,519650,174450
685,520150,174450
686,520650,174450
687,528650,174450
688,529150,174450
689,530150,174450
690,530650,174450
691,531150,174450
692,531650,174450
693,538150,174450
694,538650,174450
695,539150,174450
696,540150,174450
697,542150,174450
698,545650,174450
699,546650,174450
700,550150,174450
701,550650,174450
702,552650,174450
703,555650,174450
704,557150,174450
705,558650,174450
706,518150,173950
707,518650,173950
708,519150,173950
709,519650,173950
710,520650,173950
711,526150,173950
712,533150,173950
713,533650,173950
714,538650,173950
715,539150,173950
716,540150,173950
717,542650,173950
718,543150,173950
719,543650,173950
720,546150,173950
721,546650,173950
722,554650,173950
723,556650,173950
724,558150,173950
725,558650,173950
726,561150,173950
727,517150,173450
728,517650,173450
729,518650,173450
730,519150,173450
731,520650,173450
732,524150,173450
733,533150,173450
734,533650,173450
735,534150,173450
736,545150,173450
737,545650,173450
738,551150,173450
739,554150,173450
740,554650,173450
741,556650,173450
742,557650,173450
743,560150,173450
744,516650,172950
745,517650,172950
746,518150,172950
747,523650,172950
748,524150,172950
749,528150,172950
750,533150,172950
751,533650,172950
752,535650,172950
753,536150,172950
754,537650,172950
755,545150,172950
756,547650,172950
757,548150,172950
758,550650,172950
759,553150,172950
760,553650,172950
761,554150,172950
762,557650,172950
763,526650,172450
764,533650,172450
765,535650,172450
766,536150,172450
767,541150,172450
768,541650,172450
769,547150,172450
770,547650,172450
771,548150,172450
772,551650,172450
773,553150,172450
774,553650,172450
775,554650,172450
776,555150,172450
777,557650,172450
778,559150,172450
779,519150,171950
780,521650,171950
781,522150,171950
782,525150,171950
783,525650,171950
784,526150,171950
785,526650,171950
786,529650,171950
787,533650,171950
788,539650,171950
789,540650,171950
790,541150,171950
791,542650,171950
792,544650,171950
793,550150,171950
794,552650,171950
795,554650,171950
796,555150,171950
797,555650,171950
798,557650,171950
799,558650,171950
800,559150,171950
801,519150,171450
802,519650,171450
803,524150,171450
804,525150,171450
805,526650,171450
806,529650,171450
807,537650,171450
808,539150,171450
809,539650,171450
810,542650,171450
811,543150,171450
812,543650,171450
813,544150,171450
814,544650,171450
815,546150,171450
816,548150,171450
817,554150,171450
818,554650,171450
819,556150,171450
820,558650,171450
821,559150,171450
822,517650,170950
823,518650,170950
824,519650,170950
825,530650,170950
826,532650,170950
827,533150,170950
828,536150,170950
829,539150,170950
830,539650,170950
831,543650,170950
832,544150,170950
833,546150,170950
834,546650,170950
835,548650,170950
836,550150,170950
837,551650,170950
838,552150,170950
839,553650,170950
840,556150,170950
841,558150,170950
842,558650,170950
843,518150,170450
844,533150,170450
845,535650,170450
846,536150,170450
847,539150,170450
848,539650,170450
849,545150,170450
850,551650,170450
851,553650,170450
852,554650,170450
853,557150,170450
854,557650,170450
855,514150,169950
856,519150,169950
857,533150,169950
858,536150,169950
859,537650,169950
860,539150,169950
861,541650,169950
862,542150,169950
863,545150,169950
864,545650,169950
865,548650,169950
866,551650,169950
867,554650,169950
868,555150,169950
869,557650,169950
870,511650,169450
871,514150,169450
872,519150,169450
873,530150,169450
874,532150,169450
875,535150,169450
876,542150,169450
877,542650,169450
878,547150,169450
879,547650,169450
880,550150,169450
881,550650,169450
882,551150,169450
883,551650,169450
884,553650,169450
885,554650,169450
886,555150,169450
887,557650,169450
888,513650,168950
889,514150,168950
890,514650,168950
891,515150,168950
892,520150,168950
893,522650,168950
894,528150,168950
895,528650,168950
896,529150,168950
897,530150,168950
898,533650,168950
899,534150,168950
900,541150,168950
901,541650,168950
902,543150,168950
903,546150,168950
904,546650,168950
905,550150,168950
906,550650,168950
907,551150,168950
908,551650,168950
909,554150,168950
910,555150,168950
911,557150,168950
912,557650,168950
913,515150,168450
914,518150,168450
915,526650,168450
916,528650,168450
917,529150,168450
918,531650,168450
919,534650,168450
920,541150,168450
921,544150,168450
922,544650,168450
923,546150,168450
924,550150,168450
925,550650,168450
926,551150,168450
927,551650,168450
928,553650,168450
929,511150,167950
930,512150,167950
931,512650,167950
932,513150,167950
933,514650,167950
934,526650,167950
935,527150,167950
936,528150,167950
937,528650,167950
938,529150,167950
939,535650,167950
940,536150,167950
941,536650,167950
942,538650,167950
943,539150,167950
944,541650,167950
945,544150,167950
946,544650,167950
947,547650,167950
948,550150,167950
949,550650,167950
950,551150,167950
951,556150,167950
952,556650,167950
953,557150,167950
954,514650,167450
955,527650,167450
956,528150,167450
957,528650,167450
958,529650,167450
959,530150,167450
960,531650,167450
961,532150,167450
962,535650,167450
963,536150,167450
964,536650,167450
965,538150,167450
966,538650,167450
967,539150,167450
968,539650,167450
969,541150,167450
970,541650,167450
971,543150,167450
972,544150,167450
973,546150,167450
974,546650,167450
975,549150,167450
976,550650,167450
977,551650,167450
978,556650,167450
979,557150,167450
980,511150,166950
981,511650,166950
982,514150,166950
983,521150,166950
984,524150,166950
985,524650,166950
986,528650,166950
987,530150,166950
988,530650,166950
989,531150,166950
990,532150,166950
991,535150,166950
992,536650,166950
993,537650,166950
994,538650,166950
995,543650,166950
996,546150,166950
997,547650,166950
998,549150,166950
999,550150,166950
1000,551150,166950
1001,552150,166950
1002,553650,166950
1003,554150,166950
1004,556150,166950
1005,556650,166950
1006,511150,166450
1007,513650,166450
1008,519650,166450
1009,520650,166450
1010,521150,166450
1011,526650,166450
1012,527650,166450
1013,530150,166450
1014,530650,166450
1015,534150,166450
1016,538650,166450
1017,539150,166450
1018,543150,166450
1019,543650,166450
1020,544150,166450
1021,544650,166450
1022,545650,166450
1023,548150,166450
1024,552150,166450
1025,553150,166450
1026,555150,166450
1027,513150,165950
1028,520650,165950
1029,526150,165950
1030,533650,165950
1031,534150,165950
1032,537150,165950
1033,537650,165950
1034,538150,165950
1035,538650,165950
1036,539150,165950
1037,542650,165950
1038,543150,165950
1039,544150,165950
1040,544650,165950
1041,545150,165950
1042,545650,165950
1043,546150,165950
1044,547650,165950
1045,548150,165950
1046,552150,165950
1047,552650,165950
1048,553150,165950
1049,509650,165450
1050,520650,165450
1051,527650,165450
1052,529150,165450
1053,530150,165450
1054,530650,165450
1055,531650,165450
1056,533650,165450
1057,535650,165450
1058,536150,165450
1059,537650,165450
1060,538150,165450
1061,538650,165450
1062,539150,165450
1063,540150,165450
1064,540650,165450
1065,541150,165450
1066,541650,165450
1067,546650,165450
1068,547650,165450
1069,549150,165450
1070,549650,165450
1071,509650,164950
1072,511650,164950
1073,527650,164950
1074,530150,164950
1075,531150,164950
1076,534650,164950
1077,535650,164950
1078,536150,164950
1079,536650,164950
1080,537650,164950
1081,538150,164950
1082,538650,164950
1083,540150,164950
1084,541150,164950
1085,541650,164950
1086,545150,164950
1087,545650,164950
1088,547150,164950
1089,550650,164950
1090,551150,164950
1091,552150,164950
1092,509150,164450
1093,511150,164450
1094,522150,164450
1095,523150,164450
1096,523650,164450
1097,529650,164450
1098,533650,164450
1099,534150,164450
1100,541150,164450
1101,541650,164450
1102,542150,164450
1103,542650,164450
1104,543650,164450
1105,544150,164450
1106,545150,164450
1107,545650,164450
1108,546150,164450
1109,546650,164450
1110,549150,164450
1111,549650,164450
1112,551150,164450
1113,507650,163950
1114,508650,163950
1115,510150,163950
1116,510650,163950
1117,520650,163950
1118,521150,163950
1119,521650,163950
1120,523150,163950
1121,523650,163950
1122,526150,163950
1123,528650,163950
1124,531650,163950
1125,532150,163950
1126,533650,163950
1127,534150,163950
1128,535150,163950
1129,539650,163950
1130,542150,163950
1131,542650,163950
1132,543650,163950
1133,546650,163950
1134,548650,163950
1135,549150,163950
1136,549650,163950
1137,550150,163950
1138,507150,163450
1139,507650,163450
1140,508150,163450
1141,509650,163450
1142,510150,163450
1143,510650,163450
1144,521150,163450
1145,521650,163450
1146,525650,163450
1147,526150,163450
1148,527650,163450
1149,528150,163450
1150,528650,163450
1151,531650,163450
1152,532150,163450
1153,534150,163450
1154,535650,163450
1155,536150,163450
1156,538650,163450
1157,540150,163450
1158,544650,163450
1159,546650,163450
1160,549150,163450
1161,549650,163450
1162,550150,163450
1163,550650,163450
1164,507150,162950
1165,507650,162950
1166,509650,162950
1167,518650,162950
1168,519150,162950
1169,521150,162950
1170,526150,162950
1171,528150,162950
1172,528650,162950
1173,529150,162950
1174,529650,162950
1175,530150,162950
1176,537150,162950
1177,537650,162950
1178,538150,162950
1179,538650,162950
1180,539650,162950
1181,540150,162950
1182,540650,162950
1183,541150,162950
1184,545650,162950
1185,546150,162950
1186,547150,162950
1187,547650,162950
1188,550150,162950
1189,550650,162950
1190,551650,162950
1191,506650,162450
1192,507150,162450
1193,507650,162450
1194,508150,162450
1195,508650,162450
1196,509150,162450
1197,520150,162450
1198,524150,162450
1199,527650,162450
1200,528150,162450
1201,528650,162450
1202,529650,162450
1203,530150,162450
1204,534650,162450
1205,537150,162450
1206,537650,162450
1207,541150,162450
1208,542650,162450
1209,545650,162450
1210,546650,162450
1211,547150,162450
1212,547650,162450
1213,548150,162450
1214,548650,162450
1215,549150,162450
1216,550150,162450
1217,551650,162450
1218,552150,162450
1219,505650,161950
1220,506150,161950
1221,506650,161950
1222,507150,161950
1223,507650,161950
1224,508150,161950
1225,518650,161950
1226,519150,161950
1227,521150,161950
1228,522150,161950
1229,524150,161950
1230,528150,161950
1231,528650,161950
1232,529150,161950
1233,529650,161950
1234,530150,161950
1235,532650,161950
1236,533150,161950
1237,534150,161950
1238,534650,161950
1239,539150,161950
1240,541150,161950
1241,546150,161950
1242,546650,161950
1243,549150,161950
1244,551650,161950
1245,505150,161450
1246,506150,161450
1247,506650,161450
1248,507650,161450
1249,518150,161450
1250,518650,161450
1251,519150,161450
1252,526650,161450
1253,527150,161450
1254,528650,161450
1255,530150,161450
1256,530650,161450
1257,531150,161450
1258,532650,161450
1259,534650,161450
1260,536150,161450
1261,536650,161450
1262,537150,161450
1263,538650,161450
1264,539150,161450
1265,539650,161450
1266,541150,161450
1267,541650,161450
1268,542150,161450
1269,542650,161450
1270,547650,161450
1271,548150,161450
1272,548650,161450
1273,549150,161450
1274,549650,161450
1275,551650,161450
1276,505150,160950
1277,505650,160950
1278,506150,160950
1279,507150,160950
1280,518150,160950
1281,518650,160950
1282,519650,160950
1283,525150,160950
1284,527150,160950
1285,527650,160950
1286,530150,160950
1287,530650,160950
1288,531150,160950
1289,532650,160950
1290,533650,160950
1291,534650,160950
1292,536650,160950
1293,537650,160950
1294,538650,160950
1295,539150,160950
1296,540150,160950
1297,541150,160950
1298,542150,160950
1299,542650,160950
1300,546650,160950
1301,547650,160950
1302,548150,160950
1303,548650,160950
1304,549150,160950
1305,550150,160950
1306,505650,160450
1307,506150,160450
1308,506650,160450
1309,522150,160450
1310,522650,160450
1311,525150,160450
1312,525650,160450
1313,527150,160450
1314,530650,160450
1315,531150,160450
1316,532650,160450
1317,533150,160450
1318,533650,160450
1319,536150,160450
1320,537650,160450
1321,538150,160450
1322,538650,160450
1323,539150,160450
1324,539650,160450
1325,540150,160450
1326,542150,160450
1327,545650,160450
1328,546150,160450
1329,546650,160450
1330,547150,160450
1331,548650,160450
1332,549150,160450
1333,550150,160450
1334,505150,159950
1335,505650,159950
1336,506150,159950
1337,522650,159950
1338,525150,159950
1339,528650,159950
1340,533150,159950
1341,534650,159950
1342,535650,159950
1343,536150,159950
1344,536650,159950
1345,537150,159950
1346,537650,159950
1347,538150,159950
1348,538650,159950
1349,539150,159950
1350,539650,159950
1351,540150,159950
1352,540650,159950
1353,545650,159950
1354,546150,159950
1355,548650,159950
1356,549650,159950
1357,550150,159950
1358,550650,159950
1359,552150,159950
1360,553150,159950
1361,553650,159950
1362,554150,159950
1363,555150,159950
1364,505650,159450
1365,506150,159450
1366,517650,159450
1367,522150,159450
1368,522650,159450
1369,528150,159450
1370,528650,159450
1371,530150,159450
1372,530650,159450
1373,534150,159450
1374,535150,159450
1375,535650,159450
1376,536150,159450
1377,536650,159450
1378,537150,159450
1379,538650,159450
1380,539150,159450
1381,546650,159450
1382,548150,159450
1383,549150,159450
1384,550150,159450
1385,551150,159450
1386,551650,159450
1387,553150,159450
1388,553650,159450
1389,554150,159450
1390,555150,159450
1391,555650,159450
1392,556150,159450
1393,556650,159450
1394,504150,158950
1395,504650,158950
1396,505150,158950
1397,517150,158950
1398,517650,158950
1399,522150,158950
1400,522650,158950
1401,523150,158950
1402,524650,158950
1403,527150,158950
1404,528650,158950
1405,530650,158950
1406,531150,158950
1407,532150,158950
1408,533150,158950
1409,533650,158950
1410,535150,158950
1411,535650,158950
1412,536150,158950
1413,536650,158950
1414,537650,158950
1415,538150,158950
1416,538650,158950
1417,539150,158950
1418,545150,158950
1419,545650,158950
1420,546150,158950
1421,546650,158950
1422,549650,158950
1423,550150,158950
1424,551150,158950
1425,551650,158950
1426,552150,158950
1427,553150,158950
1428,553650,158950
1429,554150,158950
1430,555150,158950
1431,555650,158950
1432,504150,158450
1433,517150,158450
1434,520150,158450
1435,523150,158450
1436,524650,158450
1437,525150,158450
1438,526150,158450
1439,526650,158450
1440,527150,158450
1441,530650,158450
1442,531150,158450
1443,532150,158450
1444,532650,158450
1445,533150,158450
1446,533650,158450
1447,534650,158450
1448,536150,158450
1449,538150,158450
1450,538650,158450
1451,539650,158450
1452,540650,158450
1453,541150,158450
1454,546150,158450
1455,547150,158450
1456,547650,158450
1457,548150,158450
1458,548650,158450
1459,549150,158450
1460,549650,158450
1461,550150,158450
1462,551650,158450
1463,552650,158450
1464,554150,158450
1465,555150,158450
1466,556150,158450
1467,556650,158450
1468,557150,158450
1469,557650,158450
1470,558150,158450
1471,524150,157950
1472,524650,157950
1473,525150,157950
1474,526150,157950
1475,528650,157950
1476,529150,157950
1477,529650,157950
1478,530150,157950
1479,532650,157950
1480,533150,157950
1481,535650,157950
1482,536150,157950
1483,538150,157950
1484,539650,157950
1485,544150,157950
1486,547150,157950
1487,547650,157950
1488,548150,157950
1489,549150,157950
1490,549650,157950
1491,551150,157950
1492,551650,157950
1493,552150,157950
1494,552650,157950
1495,553150,157950
1496,553650,157950
1497,554150,157950
1498,555150,157950
1499,556650,157950
1500,557150,157950
1501,557650,157950
1502,558150,157950
1503,517150,157450
1504,528650,157450
1505,529150,157450
1506,529650,157450
1507,531650,157450
1508,532150,157450
1509,532650,157450
1510,533150,157450
1511,535150,157450
1512,535650,157450
1513,536150,157450
1514,537650,157450
1515,538150,157450
1516,539150,157450
1517,539650,157450
1518,543150,157450
1519,543650,157450
1520,547650,157450
1521,549150,157450
1522,549650,157450
1523,551150,157450
1524,552150,157450
1525,552650,157450
1526,553150,157450
1527,553650,157450
1528,554150,157450
1529,555150,157450
1530,555650,157450
1531,556650,157450
1532,557150,157450
1533,558650,157450
1534,559150,157450
1535,515150,156950
1536,515650,156950
1537,520150,156950
1538,522650,156950
1539,523150,156950
1540,523650,156950
1541,524650,156950
1542,526150,156950
1543,529650,156950
1544,530150,156950
1545,532650,156950
1546,533150,156950
1547,533650,156950
1548,534150,156950
1549,535150,156950
1550,535650,156950
1551,536150,156950
1552,536650,156950
1553,537150,156950
1554,537650,156950
1555,538150,156950
1556,538650,156950
1557,539150,156950
1558,539650,156950
1559,540150,156950
1560,540650,156950
1561,541150,156950
1562,542150,156950
1563,543150,156950
1564,544150,156950
1565,544650,156950
1566,546150,156950
1567,546650,156950
1568,547150,156950
1569,549150,156950
1570,549650,156950
1571,550150,156950
1572,550650,156950
1573,551150,156950
1574,553150,156950
1575,558150,156950
1576,559150,156950
1577,515150,156450
1578,518150,156450
1579,518650,156450
1580,522650,156450
1581,523650,156450
1582,525650,156450
1583,526150,156450
1584,528650,156450
1585,529150,156450
1586,531650,156450
1587,532150,156450
1588,532650,156450
1589,533150,156450
1590,533650,156450
1591,534150,156450
1592,535150,156450
1593,535650,156450
1594,537150,156450
1595,537650,156450
1596,538150,156450
1597,538650,156450
1598,540150,156450
1599,540650,156450
1600,541150,156450
1601,541650,156450
1602,542150,156450
1603,543150,156450
1604,544150,156450
1605,544650,156450
1606,545650,156450
1607,546150,156450
1608,547150,156450
1609,549650,156450
1610,550150,156450
1611,553150,156450
1612,553650,156450
1613,556150,156450
1614,556650,156450
1615,558650,156450
1616,518150,155950
1617,519650,155950
1618,522150,155950
1619,522650,155950
1620,523150,155950
1621,526150,155950
1622,527650,155950
1623,529150,155950
1624,529650,155950
1625,531150,155950
1626,531650,155950
1627,532150,155950
1628,532650,155950
1629,533150,155950
1630,533650,155950
1631,534150,155950
1632,534650,155950
1633,535150,155950
1634,535650,155950
1635,537650,155950
1636,538150,155950
1637,538650,155950
1638,539150,155950
1639,539650,155950
1640,540150,155950
1641,540650,155950
1642,541150,155950
1643,541650,155950
1644,542150,155950
1645,542650,155950
1646,543150,155950
1647,544150,155950
1648,544650,155950
1649,545650,155950
1650,546650,155950
1651,547150,155950
1652,547650,155950
1653,549150,155950
1654,550150,155950
1655,551650,155950
1656,552150,155950
1657,553150,155950
1658,553650,155950
1659,555650,155950
1660,556650,155950
1661,515150,155450
1662,522150,155450
1663,522650,155450
1664,524150,155450
1665,525150,155450
1666,526650,155450
1667,527150,155450
1668,527650,155450
1669,529150,155450
1670,531650,155450
1671,532150,155450
1672,532650,155450
1673,533150,155450
1674,533650,155450
1675,534150,155450
1676,534650,155450
1677,535150,155450
1678,535650,155450
1679,536150,155450
1680,537650,155450
1681,538150,155450
1682,538650,155450
1683,539150,155450
1684,540150,155450
1685,540650,155450
1686,541150,155450
1687,541650,155450
1688,542650,155450
1689,543150,155450
1690,543650,155450
1691,544150,155450
1692,545650,155450
1693,546650,155450
1694,547150,155450
1695,547650,155450
1696,548150,155450
1697,551150,155450
1698,552150,155450
1699,552650,155450
1700,553150,155450
1701,553650,155450
1702,555150,155450
1703,555650,155450
1704,556650,155450
1705,515150,154950
1706,522150,154950
1707,523150,154950
1708,524650,154950
1709,525150,154950
1710,525650,154950
1711,526150,154950
1712,527150,154950
1713,529150,154950
1714,529650,154950
1715,530650,154950
1716,531650,154950
1717,532150,154950
1718,532650,154950
1719,533150,154950
1720,533650,154950
1721,534150,154950
1722,534650,154950
1723,535150,154950
1724,535650,154950
1725,536150,154950
1726,536650,154950
1727,537150,154950
1728,537650,154950
1729,538150,154950
1730,538650,154950
1731,539150,154950
1732,539650,154950
1733,540150,154950
1734,540650,154950
1735,541150,154950
1736,541650,154950
1737,542150,154950
1738,543650,154950
1739,544650,154950
1740,545150,154950
1741,545650,154950
1742,546150,154950
1743,547650,154950
1744,548650,154950
1745,549150,154950
1746,552150,154950
1747,553150,154950
1748,553650,154950
1749,554150,154950
1750,555150,154950
1751,555650,154950
1752,556150,154950
1753,515150,154450
1754,515650,154450
1755,524150,154450
1756,525150,154450
1757,528150,154450
1758,530650,154450
1759,531150,154450
1760,531650,154450
1761,532150,154450
1762,532650,154450
1763,533150,154450
1764,533650,154450
1765,534150,154450
1766,534650,154450
1767,535150,154450
1768,535650,154450
1769,536150,154450
1770,536650,154450
1771,537150,154450
1772,537650,154450
1773,538150,154450
1774,539150,154450
1775,539650,154450
1776,540150,154450
1777,540650,154450
1778,541150,154450
1779,541650,154450
1780,542150,154450
1781,542650,154450
1782,543150,154450
1783,543650,154450
1784,544150,154450
1785,544650,154450
1786,545150,154450
1787,545650,154450
1788,546150,154450
1789,546650,154450
1790,547650,154450
1791,548150,154450
1792,548650,154450
1793,549150,154450
1794,551150,154450
1795,551650,154450
1796,552150,154450
1797,553650,154450
1798,554150,154450
1799,555650,154450
1800,556150,154450
1801,515150,153950
1802,515650,153950
1803,516150,153950
1804,517150,153950
1805,520150,153950
1806,522650,153950
1807,523150,153950
1808,523650,153950
1809,524650,153950
1810,525150,153950
1811,525650,153950
1812,526150,153950
1813,527150,153950
1814,527650,153950
1815,528150,153950
1816,530150,153950
1817,530650,153950
1818,531150,153950
1819,531650,153950
1820,532150,153950
1821,532650,153950
1822,533150,153950
1823,533650,153950
1824,534150,153950
1825,534650,153950
1826,535150,153950
1827,535650,153950
1828,536150,153950
1829,536650,153950
1830,537150,153950
1831,537650,153950
1832,538150,153950
1833,538650,153950
1834,539150,153950
1835,539650,153950
1836,540150,153950
1837,540650,153950
1838,541650,153950
1839,542150,153950
1840,543150,153950
1841,543650,153950
1842,545150,153950
1843,545650,153950
1844,546150,153950
1845,546650,153950
1846,547150,153950
1847,547650,153950
1848,548650,153950
1849,550150,153950
1850,551150,153950
1851,551650,153950
1852,553150,153950
1853,553650,153950
1854,554150,153950
1855,554650,153950
1856,555150,153950
1857,555650,153950
1858,517150,153450
1859,523650,153450
1860,525150,153450
1861,525650,153450
1862,526150,153450
1863,526650,153450
1864,527650,153450
1865,528150,153450
1866,529150,153450
1867,529650,153450
1868,530150,153450
1869,530650,153450
1870,531150,153450
1871,532650,153450
1872,533150,153450
1873,533650,153450
1874,534150,153450
1875,534650,153450
1876,535150,153450
1877,535650,153450
1878,536150,153450
1879,536650,153450
1880,537150,153450
1881,537650,153450
1882,538150,153450
1883,538650,153450
1884,539150,153450
1885,539650,153450
1886,540150,153450
1887,542150,153450
1888,542650,153450
1889,543650,153450
1890,544650,153450
1891,545150,153450
1892,545650,153450
1893,546150,153450
1894,547150,153450
1895,548150,153450
1896,548650,153450
1897,550650,153450
1898,551650,153450
1899,552150,153450
1900,552650,153450
1901,553150,153450
1902,553650,153450
1903,554650,153450
1904,555150,153450
1905,555650,153450
1906,512150,152950
1907,512650,152950
1908,513650,152950
1909,517150,152950
1910,519150,152950
1911,519650,152950
1912,521150,152950
1913,521650,152950
1914,522150,152950
1915,522650,152950
1916,523650,152950
1917,524650,152950
1918,525150,152950
1919,525650,152950
1920,526150,152950
1921,526650,152950
1922,527150,152950
1923,527650,152950
1924,528150,152950
1925,529150,152950
1926,529650,152950
1927,530150,152950
1928,530650,152950
1929,531150,152950
1930,532150,152950
1931,532650,152950
1932,533150,152950
1933,533650,152950
1934,534150,152950
1935,534650,152950
1936,535150,152950
1937,535650,152950
1938,536150,152950
1939,536650,152950
1940,537150,152950
1941,537650,152950
1942,538150,152950
1943,538650,152950
1944,539150,152950
1945,539650,152950
1946,540150,152950
1947,540650,152950
1948,541650,152950
1949,542150,152950
1950,542650,152950
1951,543150,152950
1952,543650,152950
1953,544150,152950
1954,546150,152950
1955,547150,152950
1956,547650,152950
1957,548150,152950
1958,548650,152950
1959,549150,152950
1960,551150,152950
1961,552650,152950
1962,553150,152950
1963,555150,152950
1964,555650,152950
1965,556150,152950
1966,558150,152950
1967,558650,152950
1968,559150,152950
1969,509650,152450
1970,512150,152450
1971,512650,152450
1972,518650,152450
1973,520150,152450
1974,520650,152450
1975,521150,152450
1976,521650,152450
1977,522150,152450
1978,522650,152450
1979,524150,152450
1980,524650,152450
1981,525150,152450
1982,526150,152450
1983,526650,152450
1984,527150,152450
1985,527650,152450
1986,528150,152450
1987,528650,152450
1988,529150,152450
1989,529650,152450
1990,530150,152450
1991,530650,152450
1992,531150,152450
1993,531650,152450
1994,532150,152450
1995,532650,152450
1996,533150,152450
1997,533650,152450
1998,534650,152450
1999,535150,152450
2000,535650,152450
2001,536150,152450
2002,536650,152450
2003,537150,152450
2004,537650,152450
2005,538150,152450
2006,538650,152450
2007,539150,152450
2008,539650,152450
2009,540150,152450
2010,540650,152450
2011,541150,152450
2012,541650,152450
2013,542150,152450
2014,542650,152450
2015,543150,152450
2016,543650,152450
2017,544650,152450
2018,545150,152450
2019,546150,152450
2020,546650,152450
2021,547150,152450
2022,548650,152450
2023,549150,152450
2024,549650,152450
2025,550150,152450
2026,550650,152450
2027,553150,152450
2028,555150,152450
2029,556150,152450
2030,557650,152450
2031,558150,152450
2032,558650,152450
2033,559150,152450
2034,559650,152450
2035,509150,151950
2036,509650,151950
2037,510150,151950
2038,510650,151950
2039,511650,151950
2040,513150,151950
2041,513650,151950
2042,514650,151950
2043,515150,151950
2044,518650,151950
2045,519150,151950
2046,520650,151950
2047,522650,151950
2048,524150,151950
2049,524650,151950
2050,526650,151950
2051,527150,151950
2052,527650,151950
2053,528150,151950
2054,528650,151950
2055,529150,151950
2056,529650,151950
2057,530150,151950
2058,530650,151950
2059,531150,151950
2060,531650,151950
2061,532150,151950
2062,532650,151950
2063,533150,151950
2064,533650,151950
2065,535650,151950
2066,536150,151950
2067,536650,151950
2068,537150,151950
2069,537650,151950
2070,538150,151950
2071,538650,151950
2072,539150,151950
2073,539650,151950
2074,540150,151950
2075,540650,151950
2076,541150,151950
2077,541650,151950
2078,542150,151950
2079,542650,151950
2080,543150,151950
2081,543650,151950
2082,544150,151950
2083,545150,151950
2084,545650,151950
2085,546650,151950
2086,547650,151950
2087,550150,151950
2088,553150,151950
2089,553650,151950
2090,557650,151950
2091,558150,151950
2092,559150,151950
2093,559650,151950
2094,560150,151950
2095,509150,151450
2096,509650,151450
2097,512150,151450
2098,512650,151450
2099,513150,151450
2100,513650,151450
2101,514150,151450
2102,517650,151450
2103,519150,151450
2104,519650,151450
2105,521650,151450
2106,522150,151450
2107,522650,151450
2108,524150,151450
2109,525150,151450
2110,526150,151450
2111,526650,151450
2112,527150,151450
2113,527650,151450
2114,528150,151450
2115,530150,151450
2116,530650,151450
2117,531150,151450
2118,531650,151450
2119,532150,151450
2120,532650,151450
2121,533150,151450
2122,536150,151450
2123,536650,151450
2124,537150,151450
2125,537650,151450
2126,538150,151450
2127,538650,151450
2128,539150,151450
2129,539650,151450
2130,540150,151450
2131,540650,151450
2132,541150,151450
2133,541650,151450
2134,542150,151450
2135,542650,151450
2136,543150,151450
2137,543650,151450
2138,544150,151450
2139,544650,151450
2140,545150,151450
2141,545650,151450
2142,547650,151450
2143,548650,151450
2144,549650,151450
2145,550150,151450
2146,550650,151450
2147,554150,151450
2148,557650,151450
2149,559650,151450
2150,510650,150950
2151,517150,150950
2152,518150,150950
2153,519150,150950
2154,520150,150950
2155,520650,150950
2156,521150,150950
2157,522150,150950
2158,524150,150950
2159,524650,150950
2160,525150,150950
2161,525650,150950
2162,526150,150950
2163,526650,150950
2164,527150,150950
2165,527650,150950
2166,530650,150950
2167,532150,150950
2168,537150,150950
2169,537650,150950
2170,538150,150950
2171,538650,150950
2172,539150,150950
2173,539650,150950
2174,540150,150950
2175,540650,150950
2176,541150,150950
2177,541650,150950
2178,542150,150950
2179,542650,150950
2180,543150,150950
2181,543650,150950
2182,544150,150950
2183,544650,150950
2184,545650,150950
2185,548650,150950
2186,549150,150950
2187,552650,150950
2188,553150,150950
2189,557650,150950
2190,558150,150950
2191,509150,150450
2192,513150,150450
2193,514150,150450
2194,517150,150450
2195,517650,150450
2196,519150,150450
2197,519650,150450
2198,520150,150450
2199,520650,150450
2200,521150,150450
2201,523650,150450
2202,524150,150450
2203,525150,150450
2204,525650,150450
2205,526150,150450
2206,526650,150450
2207,541150,150450
2208,541650,150450
2209,542150,150450
2210,542650,150450
2211,543150,150450
2212,543650,150450
2213,544150,150450
2214,544650,150450
2215,545150,150450
2216,545650,150450
2217,546150,150450
2218,547650,150450
2219,548150,150450
2220,549150,150450
2221,549650,150450
2222,554650,150450
2223,555150,150450
2224,556650,150450
2225,557150,150450
2226,557650,150450
2227,559150,150450
2228,509150,149950
2229,509650,149950
2230,511150,149950
2231,512650,149950
2232,513150,149950
2233,513650,149950
2234,517150,149950
2235,518650,149950
2236,519150,149950
2237,519650,149950
2238,520150,149950
2239,520650,149950
2240,523150,149950
2241,525650,149950
2242,526150,149950
2243,526650,149950
2244,542650,149950
2245,543150,149950
2246,543650,149950
2247,544150,149950
2248,544650,149950
2249,545150,149950
2250,545650,149950
2251,546150,149950
2252,546650,149950
2253,547150,149950
2254,547650,149950
2255,548650,149950
2256,549150,149950
2257,549650,149950
2258,550150,149950
2259,552150,149950
2260,553150,149950
2261,554650,149950
2262,555150,149950
2263,556150,149950
2264,556650,149950
2265,557150,149950
2266,558650,149950
2267,581150,149950
2268,507650,149450
2269,508150,149450
2270,508650,149450
2271,509150,149450
2272,511150,149450
2273,513150,149450
2274,513650,149450
2275,514150,149450
2276,514650,149450
2277,515650,149450
2278,516650,149450
2279,517150,149450
2280,517650,149450
2281,518650,149450
2282,519150,149450
2283,519650,149450
2284,520150,149450
2285,521650,149450
2286,524150,149450
2287,525150,149450
2288,543650,149450
2289,544150,149450
2290,544650,149450
2291,545150,149450
2292,545650,149450
2293,546150,149450
2294,547150,149450
2295,547650,149450
2296,548150,149450
2297,548650,149450
2298,549150,149450
2299,551650,149450
2300,555150,149450
2301,555650,149450
2302,556150,149450
2303,556650,149450
2304,557650,149450
2305,558150,149450
2306,584150,149450
2307,585150,149450
2308,585650,149450
2309,508150,148950
2310,512650,148950
2311,513150,148950
2312,516650,148950
2313,517650,148950
2314,519650,148950
2315,520150,148950
2316,520650,148950
2317,521650,148950
2318,522150,148950
2319,523650,148950
2320,524150,148950
2321,524650,148950
2322,525150,148950
2323,544150,148950
2324,544650,148950
2325,545150,148950
2326,545650,148950
2327,546150,148950
2328,546650,148950
2329,547150,148950
2330,547650,148950
2331,548150,148950
2332,548650,148950
2333,549150,148950
2334,549650,148950
2335,550650,148950
2336,551150,148950
2337,554150,148950
2338,555150,148950
2339,556150,148950
2340,556650,148950
2341,557150,148950
2342,557650,148950
2343,570150,148950
2344,577650,148950
2345,580150,148950
2346,581650,148950
2347,582150,148950
2348,582650,148950
2349,583150,148950
2350,507150,148450
2351,507650,148450
2352,513150,148450
2353,515150,148450
2354,515650,148450
2355,516150,148450
2356,516650,148450
2357,517150,148450
2358,517650,148450
2359,518150,148450
2360,520150,148450
2361,521150,148450
2362,521650,148450
2363,523650,148450
2364,524150,148450
2365,524650,148450
2366,545150,148450
2367,547150,148450
2368,547650,148450
2369,548650,148450
2370,549150,148450
2371,550150,148450
2372,550650,148450
2373,551150,148450
2374,552150,148450
2375,553650,148450
2376,554150,148450
2377,554650,148450
2378,555150,148450
2379,555650,148450
2380,556150,148450
2381,557150,148450
2382,557650,148450
2383,558150,148450
2384,569650,148450
2385,576650,148450
2386,577650,148450
2387,580150,148450
2388,580650,148450
2389,581150,148450
2390,581650,148450
2391,582150,148450
2392,582650,148450
2393,584650,148450
2394,585150,148450
2395,507150,147950
2396,507650,147950
2397,508150,147950
2398,512650,147950
2399,513650,147950
2400,514150,147950
2401,514650,147950
2402,516150,147950
2403,516650,147950
2404,517150,147950
2405,517650,147950
2406,518150,147950
2407,518650,147950
2408,519650,147950
2409,520650,147950
2410,521150,147950
2411,522150,147950
2412,522650,147950
2413,523150,147950
2414,523650,147950
2415,524150,147950
2416,524650,147950
2417,548150,147950
2418,548650,147950
2419,549150,147950
2420,549650,147950
2421,550150,147950
2422,550650,147950
2423,552150,147950
2424,552650,147950
2425,553150,147950
2426,553650,147950
2427,554150,147950
2428,554650,147950
2429,555150,147950
2430,555650,147950
2431,556150,147950
2432,557150,147950
2433,557650,147950
2434,558150,147950
2435,559650,147950
2436,560150,147950
2437,560650,147950
2438,569150,147950
2439,577150,147950
2440,577650,147950
2441,580150,147950
2442,580650,147950
2443,506150,147450
2444,506650,147450
2445,507150,147450
2446,507650,147450
2447,508150,147450
2448,513650,147450
2449,514150,147450
2450,514650,147450
2451,515150,147450
2452,515650,147450
2453,518150,147450
2454,518650,147450
2455,519650,147450
2456,520150,147450
2457,520650,147450
2458,521150,147450
2459,521650,147450
2460,522150,147450
2461,522650,147450
2462,523150,147450
2463,523650,147450
2464,549150,147450
2465,549650,147450
2466,550150,147450
2467,550650,147450
2468,551150,147450
2469,551650,147450
2470,552150,147450
2471,552650,147450
2472,553150,147450
2473,553650,147450
2474,554150,147450
2475,554650,147450
2476,555150,147450
2477,555650,147450
2478,556150,147450
2479,556650,147450
2480,557150,147450
2481,557650,147450
2482,558150,147450
2483,558650,147450
2484,559650,147450
2485,560150,147450
2486,560650,147450
2487,573650,147450
2488,576150,147450
2489,576650,147450
2490,577150,147450
2491,577650,147450
2492,578150,147450
2493,579150,147450
2494,579650,147450
2495,495150,146950
2496,495650,146950
2497,506650,146950
2498,507150,146950
2499,507650,146950
2500,509150,146950
2501,510150,146950
2502,511150,146950
2503,512650,146950
2504,513150,146950
2505,513650,146950
2506,514150,146950
2507,514650,146950
2508,515150,146950
2509,515650,146950
2510,516650,146950
2511,517150,146950
2512,517650,146950
2513,519650,146950
2514,520650,146950
2515,521150,146950
2516,521650,146950
2517,522150,146950
2518,522650,146950
2519,549650,146950
2520,550650,146950
2521,551650,146950
2522,552150,146950
2523,552650,146950
2524,553150,146950
2525,553650,146950
2526,554150,146950
2527,554650,146950
2528,555150,146950
2529,555650,146950
2530,556150,146950
2531,556650,146950
2532,557150,146950
2533,557650,146950
2534,558150,146950
2535,558650,146950
2536,559650,146950
2537,560650,146950
2538,561150,146950
2539,570150,146950
2540,573150,146950
2541,575650,146950
2542,576150,146950
2543,576650,146950
2544,577150,146950
2545,577650,146950
2546,578150,146950
2547,578650,146950
2548,579150,146950
2549,495150,146450
2550,505150,146450
2551,505650,146450
2552,507150,146450
2553,507650,146450
2554,510150,146450
2555,512650,146450
2556,513150,146450
2557,513650,146450
2558,514150,146450
2559,515150,146450
2560,515650,146450
2561,516150,146450
2562,516650,146450
2563,517150,146450
2564,517650,146450
2565,518150,146450
2566,519150,146450
2567,519650,146450
2568,521150,146450
2569,552650,146450
2570,553150,146450
2571,553650,146450
2572,554150,146450
2573,554650,146450
2574,555150,146450
2575,555650,146450
2576,556150,146450
2577,556650,146450
2578,557150,146450
2579,557650,146450
2580,558150,146450
2581,558650,146450
2582,559650,146450
2583,560150,146450
2584,561150,146450
2585,562150,146450
2586,570150,146450
2587,572650,146450
2588,573150,146450
2589,575150,146450
2590,575650,146450
2591,576150,146450
2592,576650,146450
2593,578650,146450
2594,579150,146450
2595,504150,145950
2596,504650,145950
2597,505150,145950
2598,505650,145950
2599,506150,145950
2600,512150,145950
2601,512650,145950
2602,514150,145950
2603,514650,145950
2604,515150,145950
2605,515650,145950
2606,516150,145950
2607,519650,145950
2608,520150,145950
2609,553650,145950
2610,554150,145950
2611,554650,145950
2612,555150,145950
2613,555650,145950
2614,556150,145950
2615,556650,145950
2616,557150,145950
2617,557650,145950
2618,558150,145950
2619,558650,145950
2620,559150,145950
2621,561150,145950
2622,561650,145950
2623,562150,145950
2624,572650,145950
2625,574150,145950
2626,574650,145950
2627,575150,145950
2628,575650,145950
2629,576150,145950
2630,576650,145950
2631,577150,145950
2632,498650,145450
2633,499150,145450
2634,501650,145450
2635,502150,145450
2636,502650,145450
2637,505150,145450
2638,505650,145450
2639,506150,145450
2640,507650,145450
2641,511150,145450
2642,511650,145450
2643,512150,145450
2644,512650,145450
2645,513150,145450
2646,514150,145450
2647,514650,145450
2648,515150,145450
2649,553650,145450
2650,554150,145450
2651,554650,145450
2652,555150,145450
2653,555650,145450
2654,556150,145450
2655,556650,145450
2656,557150,145450
2657,557650,145450
2658,558150,145450
2659,558650,145450
2660,559150,145450
2661,560150,145450
2662,560650,145450
2663,561150,145450
2664,561650,145450
2665,571650,145450
2666,572150,145450
2667,574150,145450
2668,574650,145450
2669,575150,145450
2670,575650,145450
2671,577150,145450
2672,578150,145450
2673,498650,144950
2674,499150,144950
2675,499650,144950
2676,500150,144950
2677,500650,144950
2678,501150,144950
2679,501650,144950
2680,502150,144950
2681,502650,144950
2682,503650,144950
2683,505650,144950
2684,506150,144950
2685,510650,144950
2686,511150,144950
2687,511650,144950
2688,514150,144950
2689,514650,144950
2690,515150,144950
2691,555150,144950
2692,555650,144950
2693,556150,144950
2694,556650,144950
2695,557150,144950
2696,557650,144950
2697,558150,144950
2698,558650,144950
2699,559150,144950
2700,560150,144950
2701,561650,144950
2702,562150,144950
2703,573650,144950
2704,574150,144950
2705,575150,144950
2706,584650,144950
2707,499650,144450
2708,501650,144450
2709,502150,144450
2710,506150,144450
2711,506650,144450
2712,507150,144450
2713,507650,144450
2714,508150,144450
2715,508650,144450
2716,509650,144450
2717,510150,144450
2718,510650,144450
2719,511150,144450
2720,512150,144450
2721,513150,144450
2722,514150,144450
2723,555150,144450
2724,555650,144450
2725,556150,144450
2726,556650,144450
2727,557150,144450
2728,557650,144450
2729,558150,144450
2730,558650,144450
2731,559150,144450
2732,559650,144450
2733,561650,144450
2734,562150,144450
2735,574150,144450
2736,501150,143950
2737,501650,143950
2738,504650,143950
2739,505150,143950
2740,505650,143950
2741,506150,143950
2742,506650,143950
2743,508150,143950
2744,508650,143950
2745,509150,143950
2746,510150,143950
2747,510650,143950
2748,511150,143950
2749,513150,143950
2750,556650,143950
2751,557150,143950
2752,557650,143950
2753,558150,143950
2754,558650,143950
2755,559150,143950
2756,559650,143950
2757,561650,143950
2758,501150,143450
2759,504150,143450
2760,504650,143450
2761,505150,143450
2762,505650,143450
2763,506150,143450
2764,508150,143450
2765,509150,143450
2766,511650,143450
2767,512650,143450
2768,557150,143450
2769,557650,143450
2770,558150,143450
2771,558650,143450
2772,559150,143450
2773,559650,143450
2774,560150,143450
2775,560650,143450
2776,504150,142950
2777,504650,142950
2778,505150,142950
2779,505650,142950
2780,506150,142950
2781,506650,142950
2782,508150,142950
2783,508650,142950
2784,510150,142950
2785,512150,142950
2786,512650,142950
2787,513150,142950
2788,559150,142950
2789,559650,142950
2790,560150,142950
2791,560650,142950
2792,561150,142950
2793,562150,142950
2794,563150,142950
2795,575650,142950
2796,504150,142450
2797,504650,142450
2798,505150,142450
2799,506150,142450
2800,507150,142450
2801,508150,142450
2802,508650,142450
2803,509150,142450
2804,509650,142450
2805,510150,142450
2806,510650,142450
2807,511650,142450
2808,512150,142450
2809,512650,142450
2810,559150,142450
2811,559650,142450
2812,560150,142450
2813,560650,142450
2814,561150,142450
2815,561650,142450
2816,562150,142450
2817,564650,142450
2818,576150,142450
2819,504150,141950
2820,504650,141950
2821,506650,141950
2822,507150,141950
2823,507650,141950
2824,508650,141950
2825,509150,141950
2826,509650,141950
2827,510150,141950
2828,510650,141950
2829,511650,141950
2830,512150,141950
2831,559650,141950
2832,560150,141950
2833,560650,141950
2834,576650,141950
2835,504650,141450
2836,505150,141450
2837,505650,141450
2838,508650,141450
2839,509150,141450
2840,509650,141450
2841,510150,141450
2842,510650,141450
2843,511150,141450
2844,511650,141450
2845,560650,141450
2846,561150,141450
2847,576650,141450
2848,577150,141450
2849,577650,141450
2850,501650,140950
2851,502150,140950
2852,502650,140950
2853,503150,140950
2854,503650,140950
2855,504150,140950
2856,504650,140950
2857,505150,140950
2858,505650,140950
2859,506150,140950
2860,506650,140950
2861,507150,140950
2862,507650,140950
2863,509150,140950
2864,509650,140950
2865,510150,140950
2866,510650,140950
2867,511650,140950
2868,560650,140950
2869,561150,140950
2870,574150,140950
2871,579650,140950
2872,501150,140450
2873,501650,140450
2874,503150,140450
2875,505150,140450
2876,507150,140450
2877,507650,140450
2878,508650,140450
2879,509150,140450
2880,560650,140450
2881,500650,139950
2882,501150,139950
2883,502650,139950
2884,503150,139950
2885,503650,139950
2886,504650,139950
2887,505650,139950
2888,561150,139950
2889,502650,139450
2890,503150,139450
2891,504150,139450
2892,505150,139450
2893,505650,139450
2894,506150,139450
2895,507150,139450
2896,508150,139450
2897,508650,139450
2898,561150,139450
2899,562150,139450
2900,502650,138950
2901,504150,138950
2902,505650,138950
2903,506150,138950
2904,506650,138950
2905,507150,138950
2906,507650,138950
2907,508150,138950
2908,508650,138950
2909,509150,138950
2910,560650,138950
2911,561150,138950
2912,561650,138950
2913,562150,138950
2914,501650,138450
2915,504150,138450
2916,504650,138450
2917,505150,138450
2918,505650,138450
2919,506650,138450
2920,507150,138450
2921,507650,138450
2922,508150,138450
2923,508650,138450
2924,509150,138450
2925,509650,138450
2926,560150,138450
2927,560650,138450
2928,561150,138450
2929,573650,138450
2930,574150,138450
2931,574650,138450
2932,500150,137950
2933,500650,137950
2934,501150,137950
2935,502650,137950
2936,503650,137950
2937,505150,137950
2938,506150,137950
2939,506650,137950
2940,507150,137950
2941,507650,137950
2942,508150,137950
2943,555650,137950
2944,558150,137950
2945,560150,137950
2946,560650,137950
2947,561150,137950
2948,573650,137950
2949,574150,137950
2950,500650,137450
2951,501150,137450
2952,502650,137450
2953,503150,137450
2954,505150,137450
2955,505650,137450
2956,506150,137450
2957,506650,137450
2958,507150,137450
2959,507650,137450
2960,508150,137450
2961,555650,137450
2962,560150,137450
2963,560650,137450
2964,561150,137450
2965,573650,137450
2966,500650,136950
2967,501650,136950
2968,502150,136950
2969,502650,136950
2970,503150,136950
2971,503650,136950
2972,505150,136950
2973,505650,136950
2974,506650,136950
2975,507150,136950
2976,507650,136950
2977,555150,136950
2978,555650,136950
2979,556150,136950
2980,558150,136950
2981,558650,136950
2982,559150,136950
2983,559650,136950
2984,560150,136950
2985,560650,136950
2986,561150,136950
2987,502150,136450
2988,503150,136450
2989,504150,136450
2990,505150,136450
2991,506650,136450
2992,507150,136450
2993,555650,136450
2994,556150,136450
2995,558650,136450
2996,560150,136450
2997,572650,136450
2998,502150,135950
2999,502650,135950
3000,505650,135950
3001,506650,135950
3002,560150,135950
3003,570650,135950
3004,571650,135950
3005,572150,135950
3006,503150,135450
3007,505150,135450
3008,505650,135450
3009,506150,135450
3010,557150,135450
3011,570650,135450
3012,504650,134950
3013,505150,134950
3014,505650,134950
3015,506150,134950
3016,556650,134950
3017,557150,134950
3018,558650,134950
3019,560150,134950
3020,560650,134950
3021,570650,134950
3022,571650,134950
3023,572650,134950
3024,573150,134950
3025,573650,134950
3026,502150,134450
3027,503150,134450
3028,503650,134450
3029,504650,134450
3030,505150,134450
3031,556150,134450
3032,556650,134450
3033,560150,134450
3034,560650,134450
3035,561150,134450
3036,570150,134450
3037,570650,134450
3038,577150,134450
3039,502150,133950
3040,502650,133950
3041,503150,133950
3042,504150,133950
3043,504650,133950
3044,505150,133950
3045,557650,133950
3046,558150,133950
3047,558650,133950
3048,560650,133950
3049,561150,133950
3050,568150,133950
3051,569150,133950
3052,569650,133950
3053,570650,133950
3054,571650,133950
3055,574150,133950
3056,574650,133950
3057,576150,133950
3058,576650,133950
3059,577150,133950
3060,578150,133950
3061,501150,133450
3062,501650,133450
3063,502150,133450
3064,504650,133450
3065,505150,133450
3066,558150,133450
3067,558650,133450
3068,561150,133450
3069,562650,133450
3070,563150,133450
3071,563650,133450
3072,567650,133450
3073,568150,133450
3074,568650,133450
3075,569150,133450
3076,570650,133450
3077,571650,133450
3078,573650,133450
3079,574650,133450
3080,576150,133450
3081,577650,133450
3082,578150,133450
3083,578650,133450
3084,579150,133450
3085,501650,132950
3086,502650,132950
3087,503650,132950
3088,504650,132950
3089,505150,132950
3090,557650,132950
3091,558150,132950
3092,559650,132950
3093,561150,132950
3094,561650,132950
3095,563150,132950
3096,564150,132950
3097,567150,132950
3098,567650,132950
3099,568150,132950
3100,568650,132950
3101,569150,132950
3102,569650,132950
3103,571650,132950
3104,572150,132950
3105,576650,132950
3106,578150,132950
3107,578650,132950
3108,579150,132950
3109,579650,132950
3110,500650,132450
3111,501650,132450
3112,502150,132450
3113,502650,132450
3114,503150,132450
3115,503650,132450
3116,504150,132450
3117,504650,132450
3118,557650,132450
3119,561150,132450
3120,561650,132450
3121,563150,132450
3122,566150,132450
3123,566650,132450
3124,567150,132450
3125,567650,132450
3126,569150,132450
3127,578150,132450
3128,578650,132450
3129,501150,131950
3130,502150,131950
3131,502650,131950
3132,503150,131950
3133,503650,131950
3134,504150,131950
3135,504650,131950
3136,557150,131950
3137,557650,131950
3138,558150,131950
3139,559650,131950
3140,561650,131950
3141,566150,131950
3142,566650,131950
3143,567150,131950
3144,569150,131950
3145,502650,131450
3146,503150,131450
3147,503650,131450
3148,504150,131450
3149,504650,131450
3150,557650,131450
3151,558150,131450
3152,559150,131450
3153,561150,131450
3154,562150,131450
3155,563150,131450
3156,563650,131450
3157,565650,131450
3158,566650,131450
3159,502650,130950
3160,503150,130950
3161,503650,130950
3162,504150,130950
3163,562650,130950
3164,563150,130950
3165,565650,130950
3166,566650,130950
3167,499650,130450
3168,502150,130450
3169,502650,130450
3170,503150,130450
3171,503650,130450
3172,504150,130450
3173,563150,130450
3174,563650,130450
3175,568650,130450
3176,498650,129950
3177,499150,129950
3178,499650,129950
3179,502150,129950
3180,502650,129950
3181,503150,129950
3182,503650,129950
3183,504150,129950
3184,562150,129950
3185,562650,129950
3186,563150,129950
3187,563650,129950
3188,564150,129950
3189,565150,129950
3190,565650,129950
3191,566150,129950
3192,500650,129450
3193,502150,129450
3194,502650,129450
3195,503150,129450
3196,560650,129450
3197,561150,129450
3198,561650,129450
3199,562150,129450
3200,562650,129450
3201,563150,129450
3202,563650,129450
3203,564150,129450
3204,564650,129450
3205,565150,129450
3206,502150,128950
3207,502650,128950
3208,503150,128950
3209,560650,128950
3210,561650,128950
3211,562650,128950
3212,563150,128950
3213,563650,128950
3214,567150,128950
3215,571150,128950
3216,501150,128450
3217,501650,128450
3218,502150,128450
3219,502650,128450
3220,560650,128450
3221,561150,128450
3222,562150,128450
3223,563650,128450
3224,564650,128450
3225,569650,128450
3226,570150,128450
3227,570650,128450
3228,571150,128450
3229,500650,127950
3230,501150,127950
3231,501650,127950
3232,502150,127950
3233,561150,127950
3234,562650,127950
3235,563650,127950
3236,564150,127950
3237,564650,127950
3238,565150,127950
3239,566150,127950
3240,568150,127950
3241,568650,127950
3242,569150,127950
3243,569650,127950
3244,570150,127950
3245,570650,127950
3246,500650,127450
3247,501150,127450
3248,501650,127450
3249,502150,127450
3250,561150,127450
3251,561650,127450
3252,565150,127450
3253,565650,127450
3254,566150,127450
3255,568150,127450
3256,568650,127450
3257,569150,127450
3258,569650,127450
3259,570150,127450
3260,570650,127450
3261,501650,126950
3262,502150,126950
3263,564150,126950
3264,564650,126950
3265,565150,126950
3266,565650,126950
3267,566150,126950
3268,567150,126950
3269,568150,126950
3270,568650,126950
3271,570150,126950
3272,570650,126950
3273,571150,126950
3274,561150,126450
3275,561650,126450
3276,562150,126450
3277,565150,126450
3278,565650,126450
3279,566150,126450
3280,567150,126450
3281,568150,126450
3282,568650,126450
3283,570650,126450
3284,571150,126450
3285,571650,126450
3286,572650,126450
3287,573150,126450
3288,573650,126450
3289,576650,126450
3290,561650,125950
3291,565650,125950
3292,566150,125950
3293,568150,125950
3294,568650,125950
3295,571650,125950
3296,572150,125950
3297,572650,125950
3298,562150,125450
3299,564150,125450
3300,566650,125450
3301,568150,125450
3302,571150,125450
3303,571650,125450
3304,572150,125450
3305,572650,125450
3306,573150,125450
3307,562650,124950
3308,563150,124950
3309,564150,124950
3310,565150,124950
3311,566650,124950
3312,567150,124950
3313,568150,124950
3314,570150,124950
3315,570650,124950
3316,571150,124950
3317,571650,124950
3318,562650,124450
3319,563150,124450
3320,566150,124450
3321,567150,124450
3322,567650,124450
3323,568150,124450
3324,569150,124450
3325,569650,124450
3326,570150,124450
3327,570650,124450
3328,562650,123950
3329,565150,123950
3330,566650,123950
3331,567650,123950
3332,568150,123950
3333,569650,123950
3334,570150,123950
3335,570650,123950
3336,563150,123450
3337,566150,123450
3338,568650,123450
3339,571150,123450
3340,571650,123450
3341,565150,122950
3342,565650,122950
3343,566150,122950
3344,568150,122950
3345,568650,122950
3346,571650,122950
3347,573150,122950
3348,573650,122950
3349,566150,122450
3350,566650,122450
3351,567150,122450
3352,567650,122450
3353,568150,122450
3354,574650,122450
3355,564650,121950
3356,565150,121950
3357,566150,121950
3358,566650,121950
3359,567150,121950
3360,567650,121950
3361,568150,121950
3362,564650,121450
3363,565150,121450
3364,565650,121450
3365,566150,121450
3366,566650,121450
3367,567150,121450
3368,568150,121450
3369,564650,120950
3370,565150,120950
3371,565650,120950
3372,567650,120950
3373,568150,120950
3374,565150,120450
3375,566650,120450
3376,567150,120450
3377,567650,120450
3378,568150,120450
3379,566150,119950
3380,566650,119950
3381,567150,119950
3382,568150,119950
3383,566150,119450
3384,566650,118950
3385,567150,118950
3386,567650,118950
3387,566150,118450
3388,566650,118450
3389,567150,118450
3390,566150,117950
3391,566650,117950
3392,567150,117950
3393,566150,117450
3394,566650,117450
3395,567150,117450
3396,566650,116950
3397,567150,116950
3398,567650,116950
3399,566650,116450
3400,567150,116450
3401,567150,115950
3402,568150,115450
3403,568150,114950
3404,569150,114950
3405,568150,114450
